Room_ID,Length (meter),Width (meter),Height (meter),Wall Area (sq.meter),Floor Area (sq.meter),Number of Door,Door Area (sq.meter),Door to Wall Ratio (%),Number of Windows,Window Area (sq.meter),Window to Wall Ratio (%),Daylight Factor (%), Illuminance (lux),Correlated Color Temperature (Kelvin),Day or Night,Walkable Floor Area (sq.meter),Walkable Floor Area to Total Floor Area Ratio (%),Type of Space,,,
Rm_021,3.51,3.87,2.59,38.20,13.57,1.00,1.80,4.71,1.00,2.14,5.60,1.44,350.00,5500,Day,8.90,65.60,Bedroom,,,
Rm_022,2.52,2.60,2.80,28.67,6.55,1.00,1.69,5.89,2.00,3.43,11.96,3.93,450.00,5500,Day,4.13,63.03,Bedroom,,,
Rm_023,4.77,3.91,2.79,48.35,18.65,3.00,6.58,13.61,1.00,2.08,4.30,1.04,400.00,5500,Day,12.80,68.63,Living Room,,,
Rm_024,4.73,8.92,2.56,69.89,42.19,4.00,8.10,11.59,1.00,7.85,11.23,2.34,350.00,5500,Day,33.15,78.57,Living Room,,,
Rm_025,7.33,3.99,2.59,58.64,29.25,1.00,1.80,3.07,2.00,2.43,4.14,6.38,900.00,5500,Day,12.45,42.57,Workplace,,,
Rm_026,2.87,3.86,2.94,39.57,11.08,1.00,2.28,5.76,1.00,3.84,9.70,3.05,350.00,5500,Day,4.38,39.54,Workplace,,,
Rm_027,18.50,13.16,3.36,212.76,243.46,2.00,9.48,4.46,13.00,43.90,20.63,2.46,800.00,5500,Day,182.20,74.84,Classroom,,,
Rm_028,9.70,8.72,2.59,95.42,84.58,1.00,1.80,1.89,3.00,15.10,15.83,2.62,850.00,5500,Day,44.70,52.85,Classroom,,,
Rm_029,14.00,5.00,2.70,102.60,70.00,1.00,2.64,2.57,2.00,27.00,26.32,4.66,700.00,5500,Day,31.04,44.34,Cafeteria,,,
Rm_030,9.80,5.00,2.30,68.08,49.00,1.00,1.97,2.89,3.00,17.40,25.56,6.57,850.00,5500,Day,21.45,43.78,Cafeteria,,,
,,,,,,,,,,,,,,,,,,,,,
,,,,,,,,,,,,,,,,,,,,,
,,,,,,,,,,,,,,,,,,,,,
,,,,,,,,,,,,,,,,,,,,,
,,,,,,,,,,,,,,,,,,,,,
,,,,,,,,,,,,,,,,,,,,,
,,,,,,,,,,,,,,,,,,,,,
,,,,,,,,,,,,,,,,,,,,,
,,,,,,,,,,,,,,,,,,,,,
,,,,,,,,,,,,,,,,,,,,,
,,,,,,,,,,,,,,,,,,,,,
,,,,,,,,,,,,,,,,,,,,,
,,,,,,,,,,,,,,,,,,,,,
,,,,,,,,,,,,,,,,,,,,,
