Subject_ID,Room_ID,Time spent by the subject in the room (seconds),EEG_Filename,Valence Score by Subject,Arousal Score by Subject,Sleep Hours,
Subj_A,Rm_021,51,Subj_A-20260420-170123.csv,0.85,-0.2,8,
Subj_A,Rm_022,60,Subj_A-20260420-171246.csv,-0.6,1,8,
Subj_A,Rm_023,60,Subj_A-20260420-175231.csv,0.7,0.6,8,
Subj_A,Rm_024,60,Subj_A-20260420-180836.csv,0.9,-0.8,8,
Subj_A,Rm_025,60,Subj_A-20260420-181440.csv,0.8,-0.4,8,
Subj_A,Rm_026,60,Subj_A-20260420-181744.csv,-0.2,0.2,8,
Subj_A,Rm_027,60,Subj_A-20260420-182152.csv,0.8,0.6,8,
Subj_A,Rm_028,60,Subj_A-20260420-182546.csv,-0.1,-0.2,8,
Subj_A,Rm_029,60,Subj_A-20260420-182829.csv,0.82,0.6,8,
Subj_A,Rm_030,60,Subj_A-20260420-183112.csv,0.94,-0.6,8,
Subj_M,Rm_030,60,Subj_M-20260420-184241.csv,0.75,-0.2,8.5,
Subj_M,Rm_029,60,Subj_M-20260420-184540.csv,0.4,0.34,8.5,
Subj_M,Rm_028,60,Subj_M-20260420-184846.csv,-0.1,0.52,8.5,
Subj_M,Rm_027,60,Subj_M-20260420-185101.csv,0.4,-0.1,8.5,
Subj_M,Rm_026,60,Subj_M-20260420-185353.csv,0.36,-0.1,8.5,
Subj_M,Rm_025,60,Subj_M-20260420-185626.csv,0.8,0.2,8.5,
Subj_M,Rm_024,60,Subj_M-20260420-185929.csv,0.9,-0.74,8.5,
Subj_M,Rm_023,60,Subj_M-20260420-190210.csv,0.65,-0.1,8.5,
Subj_M,Rm_022,60,Subj_M-20260420-190438.csv,-0.8,0.8,8.5,
Subj_M,Rm_021,60,Subj_M-20260420-190648.csv,0.8,-0.6,8.5,
Subj_D,Rm_021,60,Subj_D-20260502-163708.csv,0.7,-1,7.5,
Subj_D,Rm_022,60,Subj_D-20260502-164031.csv,-0.8,-0.2,7.5,
Subj_D,Rm_023,60,Subj_D-20260502-164331.csv,0.6,-0.6,7.5,
Subj_D,Rm_024,60,Subj_D-20260502-164715.csv,0.9,-1,7.5,
Subj_D,Rm_025,60,Subj_D-20260502-164946.csv,0.5,0.2,7.5,
Subj_D,Rm_026,60,Subj_D-20260502-165445.csv,-0.2,0.4,7.5,
Subj_D,Rm_027,60,Subj_D-20260502-165721.csv,0.6,-0.2,7.5,
Subj_D,Rm_028,60,Subj_D-20260502-170024.csv,0.6,0.7,7.5,
Subj_D,Rm_029,60,Subj_D-20260502-170255.csv,0.8,-0.4,7.5,
Subj_D,Rm_030,60,Subj_D-20260502-170531.csv,-0.8,0.6,7.5,
Subj_B,Rm_030,60,Subj_B-20260502-182434.csv,0.5,-0.8,7,
Subj_B,Rm_029,60,Subj_B-20260502-182744.csv,0.8,-0.85,7,
Subj_B,Rm_028,60,Subj_B-20260502-183005.csv,0.65,-0.8,7,
Subj_B,Rm_027,60,Subj_B-20260502-183220.csv,0.65,0.4,7,
Subj_B,Rm_026,60,Subj_B-20260502-183441.csv,-0.3,-0.2,7,
Subj_B,Rm_025,60,Subj_B-20260502-183742.csv,0.25,-0.45,7,
Subj_B,Rm_024,60,Subj_B-20260502-184007.csv,0.5,-0.6,7,
Subj_B,Rm_023,60,Subj_B-20260502-184247.csv,-0.4,0.3,7,
Subj_B,Rm_022,60,Subj_B-20260502-184548.csv,-0.3,0.2,7,
Subj_B,Rm_021,60,Subj_B-20260502-184815.csv,0.4,-0.5,7,
Subj_H,Rm_021,60,Subj_H-20260504-142249.csv,0.4,-0.1,6.5,
Subj_H,Rm_022,60,Subj_H-20260504-142648.csv,0.7,-0.2,6.5,
Subj_H,Rm_023,60,Subj_H-20260504-142944.csv,0.6,-0.7,6.5,
Subj_H,Rm_024,60,Subj_H-20260504-143211.csv,0.8,-0.8,6.5,
Subj_H,Rm_025,60,Subj_H-20260504-143421.csv,0.9,-0.9,6.5,
Subj_H,Rm_026,60,Subj_H-20260504-143632.csv,-0.2,0.5,6.5,
Subj_H,Rm_027,60,Subj_H-20260504-143909.csv,-0.6,0.8,6.5,
Subj_H,Rm_028,60,Subj_H-20260504-144146.csv,-0.9,0.8,6.5,
Subj_H,Rm_029,60,Subj_H-20260504-144351.csv,0.7,0.7,6.5,
Subj_H,Rm_030,60,Subj_H-20260504-144637.csv,-0.6,0.7,6.5,
Subj_I,Rm_030,60,Subj_I-20260511-141007.csv,-0.4,0.5,3,
Subj_I,Rm_029,60,Subj_I-20260511-141247.csv,0.7,-0.8,3,
Subj_I,Rm_028,60,Subj_I-20260511-141512.csv,0.6,-0.6,3,
Subj_I,Rm_027,60,Subj_I-20260511-141731.csv,0.7,0.8,3,
Subj_I,Rm_026,60,Subj_I-20260511-141942.csv,-0.8,0.9,3,
Subj_I,Rm_025,60,Subj_I-20260511-142224.csv,0.7,-0.9,3,
Subj_I,Rm_024,60,Subj_I-20260511-142454.csv,0.8,-0.8,3,
Subj_I,Rm_023,60,Subj_I-20260511-142653.csv,0.6,0.8,3,
Subj_I,Rm_022,60,Subj_I-20260511-142915.csv,-1,1,3,
Subj_I,Rm_021,60,Subj_I-20260511-143127.csv,0.7,-0.8,3,
,,,,,,,
,,,,,,,
,,,,,,,
,,,,,, ,
